po_id,supplier_id,supplier_name,supplier_tier,category,po_date,promised_date,receipt_date,ordered_qty,received_qty,defect_qty,contract_unit_price,invoice_unit_price,contract_compliant,invoice_id
PO-0001,SUP-006,Pioneer Logistics,Approved,Electronics,2025-07-09,2025-07-20,2025-07-19,100,80,0,220.92,238.26,True,INV-0001
PO-0002,SUP-001,Northstar Components,Strategic,Electronics,2025-02-25,2025-03-07,2025-03-05,100,90,0,225.54,239.97,True,INV-0002
PO-0003,SUP-005,Cobalt Supply Co.,Approved,Packaging,2025-07-14,2025-08-02,2025-08-03,100,100,0,52.56,52.27,False,INV-0003
PO-0004,SUP-004,Vertex Packaging,Preferred,Electronics,2025-08-05,2025-08-17,2025-08-15,200,160,0,238.05,233.28,True,INV-0004
PO-0005,SUP-003,Atlas Materials,Preferred,Packaging,2025-02-19,2025-03-09,2025-03-08,300,300,0,60.34,66.18,True,INV-0005
PO-0006,SUP-004,Vertex Packaging,Preferred,Packaging,2025-04-05,2025-04-17,2025-04-17,150,120,0,59.8,63.61,True,INV-0006
PO-0007,SUP-006,Pioneer Logistics,Approved,Mechanical,2025-04-29,2025-05-12,2025-05-11,150,120,0,159.2,172.4,True,INV-0007
PO-0008,SUP-003,Atlas Materials,Preferred,MRO,2025-01-17,2025-01-27,2025-02-06,200,160,0,81.85,87.16,True,INV-0008
PO-0009,SUP-004,Vertex Packaging,Preferred,Mechanical,2025-02-05,2025-02-15,2025-02-15,200,160,0,167.79,185.18,True,INV-0009
PO-0010,SUP-002,Meridian Industrial,Strategic,MRO,2025-07-13,2025-07-20,2025-07-19,100,80,0,79.22,84.68,True,INV-0010
PO-0011,SUP-005,Cobalt Supply Co.,Approved,MRO,2025-03-06,2025-03-21,2025-03-22,300,240,0,88.75,94.88,True,INV-0011
PO-0012,SUP-006,Pioneer Logistics,Approved,Packaging,2025-03-17,2025-03-30,2025-03-28,100,80,0,59.13,59.26,True,INV-0012
PO-0013,SUP-001,Northstar Components,Strategic,Packaging,2025-05-10,2025-05-26,2025-05-26,500,500,0,55.43,60.12,False,INV-0013
PO-0014,SUP-003,Atlas Materials,Preferred,MRO,2025-01-29,2025-02-10,2025-02-15,100,100,0,77.48,85.27,True,INV-0014
PO-0015,SUP-004,Vertex Packaging,Preferred,Electronics,2025-07-16,2025-07-25,2025-07-26,300,270,0,223.93,233.88,True,INV-0015
PO-0016,SUP-005,Cobalt Supply Co.,Approved,Mechanical,2025-03-21,2025-04-03,2025-04-09,500,475,0,178.19,183.93,False,INV-0016
PO-0017,SUP-001,Northstar Components,Strategic,Mechanical,2025-02-26,2025-03-05,2025-03-03,300,300,0,150.72,145.45,True,INV-0017
PO-0018,SUP-003,Atlas Materials,Preferred,MRO,2025-05-19,2025-05-28,2025-05-29,150,150,0,89.84,97.85,True,INV-0018
PO-0019,SUP-004,Vertex Packaging,Preferred,Packaging,2025-04-16,2025-04-30,2025-04-28,250,200,0,56.69,60.28,True,INV-0019
PO-0020,SUP-001,Northstar Components,Strategic,Mechanical,2025-02-18,2025-03-05,2025-03-06,150,150,0,157.69,157.69,True,INV-0020
PO-0021,SUP-005,Cobalt Supply Co.,Approved,Electronics,2025-06-16,2025-07-01,2025-07-03,100,100,0,223.98,232.42,True,INV-0021
PO-0022,SUP-001,Northstar Components,Strategic,Mechanical,2025-01-01,2025-01-14,2025-01-15,250,250,0,162.46,180.85,True,INV-0022
PO-0023,SUP-006,Pioneer Logistics,Approved,MRO,2025-02-18,2025-03-01,2025-02-27,150,135,0,89.01,86.32,False,INV-0023
PO-0024,SUP-004,Vertex Packaging,Preferred,Mechanical,2025-05-11,2025-05-19,2025-05-17,100,90,0,150.74,165.5,True,INV-0024
PO-0025,SUP-005,Cobalt Supply Co.,Approved,Mechanical,2025-06-02,2025-06-09,2025-06-10,300,240,0,167.76,175.08,True,INV-0025
PO-0026,SUP-006,Pioneer Logistics,Approved,Packaging,2025-03-09,2025-03-22,2025-03-22,150,142,0,52.98,57.23,True,INV-0026
PO-0027,SUP-005,Cobalt Supply Co.,Approved,Electronics,2025-05-18,2025-05-28,2025-05-27,100,100,0,258.28,284.28,True,INV-0027
PO-0028,SUP-005,Cobalt Supply Co.,Approved,Packaging,2025-07-26,2025-08-12,2025-08-12,300,240,0,50.64,55.73,True,INV-0028
PO-0029,SUP-006,Pioneer Logistics,Approved,Mechanical,2025-03-14,2025-03-30,2025-03-30,200,200,0,171.19,187.7,True,INV-0029
PO-0030,SUP-001,Northstar Components,Strategic,Electronics,2025-04-19,2025-04-30,2025-04-30,500,500,0,246.58,247.05,True,INV-0030
PO-0031,SUP-004,Vertex Packaging,Preferred,Electronics,2025-01-20,2025-02-07,2025-02-05,100,100,0,243.96,239.98,True,INV-0031
PO-0032,SUP-001,Northstar Components,Strategic,Packaging,2025-06-24,2025-07-04,2025-07-04,150,135,0,59.23,60.71,True,INV-0032
PO-0033,SUP-002,Meridian Industrial,Strategic,Mechanical,2025-08-14,2025-08-27,2025-08-27,150,142,0,174.97,192.16,True,INV-0033
PO-0034,SUP-006,Pioneer Logistics,Approved,Electronics,2025-08-12,2025-08-19,2025-08-23,250,250,0,255.2,263.79,True,INV-0034
PO-0035,SUP-002,Meridian Industrial,Strategic,Mechanical,2025-06-18,2025-06-28,2025-06-28,100,100,0,180.41,181.25,True,INV-0035
PO-0036,SUP-005,Cobalt Supply Co.,Approved,Packaging,2025-01-30,2025-02-10,2025-02-10,100,100,0,50.69,52.19,True,INV-0036
PO-0037,SUP-005,Cobalt Supply Co.,Approved,Electronics,2025-08-19,2025-09-04,2025-09-02,250,200,0,236.93,247.16,True,INV-0037
PO-0038,SUP-006,Pioneer Logistics,Approved,Mechanical,2025-04-21,2025-04-29,2025-05-05,200,180,0,158.86,174.06,True,INV-0038
PO-0039,SUP-003,Atlas Materials,Preferred,MRO,2025-04-14,2025-05-02,2025-05-01,200,200,0,83.65,92.89,True,INV-0039
PO-0040,SUP-005,Cobalt Supply Co.,Approved,Packaging,2025-05-21,2025-05-28,2025-05-27,250,238,0,58.14,61.46,True,INV-0040
PO-0041,SUP-006,Pioneer Logistics,Approved,Mechanical,2025-05-02,2025-05-21,2025-05-24,300,240,0,151.3,157.73,True,INV-0041
PO-0042,SUP-002,Meridian Industrial,Strategic,Packaging,2025-07-26,2025-08-05,2025-08-03,150,150,0,60.32,63.81,True,INV-0042
PO-0043,SUP-006,Pioneer Logistics,Approved,Mechanical,2025-06-28,2025-07-11,2025-07-10,500,500,0,170.15,163.49,True,INV-0043
PO-0044,SUP-001,Northstar Components,Strategic,MRO,2025-02-15,2025-03-06,2025-03-07,150,150,0,85.98,95.16,True,INV-0044
PO-0045,SUP-004,Vertex Packaging,Preferred,Packaging,2025-06-06,2025-06-24,2025-06-25,250,225,0,54.41,53.62,True,INV-0045
PO-0046,SUP-002,Meridian Industrial,Strategic,Packaging,2025-05-05,2025-05-22,2025-05-23,300,300,0,57.35,57.21,True,INV-0046
PO-0047,SUP-001,Northstar Components,Strategic,Mechanical,2025-03-01,2025-03-14,2025-03-13,150,150,0,162.19,164.29,True,INV-0047
PO-0048,SUP-004,Vertex Packaging,Preferred,MRO,2025-06-28,2025-07-05,2025-07-06,300,285,0,76.6,77.85,True,INV-0048
PO-0049,SUP-004,Vertex Packaging,Preferred,Mechanical,2025-02-26,2025-03-09,2025-03-07,250,238,0,159.59,170.55,True,INV-0049
PO-0050,SUP-004,Vertex Packaging,Preferred,Mechanical,2025-05-17,2025-05-24,2025-05-22,300,300,0,169.71,166.61,False,INV-0050
PO-0051,SUP-004,Vertex Packaging,Preferred,Packaging,2025-04-27,2025-05-09,2025-05-10,150,150,0,57.77,63.15,True,INV-0051
PO-0052,SUP-001,Northstar Components,Strategic,Electronics,2025-02-27,2025-03-16,2025-03-14,200,200,0,261.58,259.46,True,INV-0052
PO-0053,SUP-002,Meridian Industrial,Strategic,MRO,2025-01-30,2025-02-15,2025-02-23,500,400,0,80.86,82.4,True,INV-0053
PO-0054,SUP-006,Pioneer Logistics,Approved,Electronics,2025-03-21,2025-03-29,2025-03-29,150,135,0,248.51,276.67,True,INV-0054
PO-0055,SUP-001,Northstar Components,Strategic,Mechanical,2025-06-28,2025-07-17,2025-07-15,100,90,0,174.33,177.04,True,INV-0055
PO-0056,SUP-005,Cobalt Supply Co.,Approved,Packaging,2025-08-06,2025-08-19,2025-08-21,100,95,0,60.07,63.78,True,INV-0056
PO-0057,SUP-004,Vertex Packaging,Preferred,Mechanical,2025-05-14,2025-05-31,2025-06-01,500,475,0,162.87,175.41,True,INV-0057
PO-0058,SUP-001,Northstar Components,Strategic,Packaging,2025-03-04,2025-03-23,2025-03-24,250,250,0,49.82,54.61,True,INV-0058
PO-0059,SUP-003,Atlas Materials,Preferred,Packaging,2025-08-14,2025-08-30,2025-08-30,200,180,0,49.61,55.15,True,INV-0059
PO-0060,SUP-004,Vertex Packaging,Preferred,Mechanical,2025-05-02,2025-05-19,2025-05-20,500,500,0,151.57,150.88,True,INV-0060
PO-0061,SUP-005,Cobalt Supply Co.,Approved,Packaging,2025-05-22,2025-06-06,2025-06-06,250,250,0,57.23,57.42,False,INV-0061
PO-0062,SUP-002,Meridian Industrial,Strategic,Packaging,2025-07-10,2025-07-25,2025-07-28,100,100,0,51.88,53.82,True,INV-0062
PO-0063,SUP-005,Cobalt Supply Co.,Approved,Packaging,2025-08-02,2025-08-12,2025-08-12,100,100,0,52.82,56.69,False,INV-0063
PO-0064,SUP-001,Northstar Components,Strategic,Packaging,2025-02-02,2025-02-19,2025-02-20,500,500,0,59.1,62.16,True,INV-0064
PO-0065,SUP-002,Meridian Industrial,Strategic,Electronics,2025-08-09,2025-08-23,2025-08-21,200,190,0,239.6,252.14,True,INV-0065
PO-0066,SUP-005,Cobalt Supply Co.,Approved,Packaging,2025-03-05,2025-03-13,2025-03-14,100,90,0,56.06,59.36,True,INV-0066
PO-0067,SUP-004,Vertex Packaging,Preferred,Packaging,2025-04-20,2025-05-01,2025-04-29,300,270,0,60.06,58.61,True,INV-0067
PO-0068,SUP-003,Atlas Materials,Preferred,Electronics,2025-03-03,2025-03-12,2025-03-11,150,150,0,235.61,252.17,False,INV-0068
PO-0069,SUP-003,Atlas Materials,Preferred,Packaging,2025-08-09,2025-08-23,2025-08-22,500,500,0,58.17,61.66,True,INV-0069
PO-0070,SUP-004,Vertex Packaging,Preferred,Electronics,2025-02-27,2025-03-16,2025-03-16,300,300,0,219.43,216.48,True,INV-0070
PO-0071,SUP-005,Cobalt Supply Co.,Approved,Packaging,2025-02-01,2025-02-15,2025-02-16,250,250,0,55.01,57.16,False,INV-0071
PO-0072,SUP-004,Vertex Packaging,Preferred,Packaging,2025-03-06,2025-03-13,2025-03-11,300,240,0,58.54,61.6,True,INV-0072
PO-0073,SUP-005,Cobalt Supply Co.,Approved,MRO,2025-02-16,2025-03-04,2025-03-05,200,200,0,84.49,86.63,False,INV-0073
PO-0074,SUP-002,Meridian Industrial,Strategic,Packaging,2025-06-27,2025-07-11,2025-07-12,250,225,0,49.9,48.61,True,INV-0074
PO-0075,SUP-004,Vertex Packaging,Preferred,Electronics,2025-08-11,2025-08-26,2025-08-24,500,500,0,240.89,255.25,True,INV-0075
PO-0076,SUP-001,Northstar Components,Strategic,Mechanical,2025-05-21,2025-05-30,2025-05-31,200,160,0,164.5,158.68,True,INV-0076
PO-0077,SUP-006,Pioneer Logistics,Approved,Mechanical,2025-05-22,2025-05-29,2025-05-27,200,200,0,181.24,200.46,False,INV-0077
PO-0078,SUP-002,Meridian Industrial,Strategic,MRO,2025-03-16,2025-03-31,2025-04-01,500,475,0,93.16,93.07,True,INV-0078
PO-0079,SUP-005,Cobalt Supply Co.,Approved,Mechanical,2025-03-12,2025-03-31,2025-04-07,100,100,0,179.33,186.73,True,INV-0079
PO-0080,SUP-003,Atlas Materials,Preferred,MRO,2025-04-25,2025-05-10,2025-05-10,150,135,0,89.47,91.29,True,INV-0080
PO-0081,SUP-006,Pioneer Logistics,Approved,Mechanical,2025-04-09,2025-04-19,2025-04-26,300,300,0,159.0,164.67,True,INV-0081
PO-0082,SUP-006,Pioneer Logistics,Approved,Mechanical,2025-01-10,2025-01-19,2025-01-19,250,250,0,177.35,182.75,True,INV-0082
PO-0083,SUP-006,Pioneer Logistics,Approved,Mechanical,2025-08-11,2025-08-28,2025-08-30,250,238,0,174.29,174.71,True,INV-0083
PO-0084,SUP-001,Northstar Components,Strategic,Packaging,2025-08-08,2025-08-23,2025-08-23,500,400,0,57.41,62.09,False,INV-0084
PO-0085,SUP-001,Northstar Components,Strategic,Mechanical,2025-06-25,2025-07-06,2025-07-08,500,475,0,180.79,195.55,True,INV-0085
PO-0086,SUP-002,Meridian Industrial,Strategic,Packaging,2025-01-12,2025-01-24,2025-01-24,100,100,0,53.62,52.72,True,INV-0086
PO-0087,SUP-002,Meridian Industrial,Strategic,Mechanical,2025-01-21,2025-02-06,2025-02-05,150,142,0,178.62,175.57,True,INV-0087
PO-0088,SUP-003,Atlas Materials,Preferred,Electronics,2025-08-19,2025-08-30,2025-08-29,250,250,0,237.2,240.83,True,INV-0088
PO-0089,SUP-004,Vertex Packaging,Preferred,Packaging,2025-08-05,2025-08-16,2025-08-17,250,238,0,50.67,51.73,True,INV-0089
PO-0090,SUP-006,Pioneer Logistics,Approved,Packaging,2025-08-01,2025-08-18,2025-08-16,100,90,0,59.02,64.01,True,INV-0090
PO-0091,SUP-006,Pioneer Logistics,Approved,MRO,2025-07-18,2025-08-06,2025-08-06,200,200,0,87.32,92.5,True,INV-0091
PO-0092,SUP-006,Pioneer Logistics,Approved,Mechanical,2025-01-25,2025-02-11,2025-02-11,500,475,0,149.6,152.35,True,INV-0092
PO-0093,SUP-003,Atlas Materials,Preferred,MRO,2025-02-21,2025-03-02,2025-03-02,150,135,0,85.03,85.34,True,INV-0093
PO-0094,SUP-004,Vertex Packaging,Preferred,Packaging,2025-08-11,2025-08-23,2025-08-24,500,500,0,51.05,56.9,True,INV-0094
PO-0095,SUP-004,Vertex Packaging,Preferred,Packaging,2025-07-22,2025-08-04,2025-08-02,100,95,0,53.55,57.83,True,INV-0095
PO-0096,SUP-006,Pioneer Logistics,Approved,Packaging,2025-06-22,2025-07-02,2025-07-02,100,90,0,51.94,50.39,True,INV-0096
PO-0097,SUP-003,Atlas Materials,Preferred,MRO,2025-02-05,2025-02-12,2025-02-17,100,95,0,78.47,78.28,True,INV-0097
PO-0098,SUP-003,Atlas Materials,Preferred,MRO,2025-07-10,2025-07-28,2025-07-29,300,240,0,78.18,81.17,True,INV-0098
PO-0099,SUP-001,Northstar Components,Strategic,Packaging,2025-04-24,2025-05-08,2025-05-08,150,150,0,60.29,61.42,True,INV-0099
PO-0100,SUP-001,Northstar Components,Strategic,MRO,2025-02-18,2025-02-26,2025-02-27,200,200,0,87.77,93.27,False,INV-0100
PO-0101,SUP-003,Atlas Materials,Preferred,Mechanical,2025-07-21,2025-08-06,2025-08-05,150,135,0,155.63,171.06,True,INV-0101
PO-0102,SUP-005,Cobalt Supply Co.,Approved,Electronics,2025-08-08,2025-08-17,2025-08-26,200,200,0,254.33,248.63,True,INV-0102
PO-0103,SUP-003,Atlas Materials,Preferred,Mechanical,2025-03-24,2025-03-31,2025-03-29,300,300,0,172.98,180.62,True,INV-0103
PO-0104,SUP-003,Atlas Materials,Preferred,Electronics,2025-05-09,2025-05-19,2025-05-20,250,200,0,253.59,278.62,True,INV-0104
PO-0105,SUP-001,Northstar Components,Strategic,Electronics,2025-08-05,2025-08-18,2025-08-16,250,238,0,250.2,257.95,True,INV-0105
PO-0106,SUP-002,Meridian Industrial,Strategic,Electronics,2025-03-12,2025-03-28,2025-03-28,150,142,0,263.74,275.58,True,INV-0106
PO-0107,SUP-001,Northstar Components,Strategic,Electronics,2025-06-16,2025-07-05,2025-07-04,500,475,0,237.67,236.85,True,INV-0107
PO-0108,SUP-004,Vertex Packaging,Preferred,Electronics,2025-04-20,2025-05-02,2025-05-02,200,200,0,248.97,257.9,True,INV-0108
PO-0109,SUP-004,Vertex Packaging,Preferred,Electronics,2025-07-09,2025-07-21,2025-07-19,500,450,0,261.92,274.98,True,INV-0109
PO-0110,SUP-006,Pioneer Logistics,Approved,MRO,2025-01-14,2025-01-25,2025-01-25,500,500,0,86.32,85.81,True,INV-0110
PO-0111,SUP-001,Northstar Components,Strategic,Packaging,2025-04-05,2025-04-13,2025-04-12,300,285,0,58.8,65.62,True,INV-0111
PO-0112,SUP-006,Pioneer Logistics,Approved,Electronics,2025-08-26,2025-09-12,2025-09-12,300,300,0,224.66,240.93,True,INV-0112
PO-0113,SUP-001,Northstar Components,Strategic,Mechanical,2025-05-25,2025-06-11,2025-06-10,150,120,0,169.39,163.45,True,INV-0113
PO-0114,SUP-004,Vertex Packaging,Preferred,MRO,2025-02-10,2025-02-22,2025-02-22,200,180,0,86.64,95.42,True,INV-0114
PO-0115,SUP-001,Northstar Components,Strategic,Electronics,2025-04-24,2025-05-11,2025-05-12,200,190,0,229.11,247.62,True,INV-0115
PO-0116,SUP-003,Atlas Materials,Preferred,MRO,2025-06-20,2025-07-01,2025-07-02,300,270,0,77.43,76.87,True,INV-0116
PO-0117,SUP-003,Atlas Materials,Preferred,Packaging,2025-01-31,2025-02-07,2025-02-08,200,200,0,50.92,53.22,True,INV-0117
PO-0118,SUP-006,Pioneer Logistics,Approved,Packaging,2025-04-12,2025-04-30,2025-04-28,100,95,0,59.63,65.47,True,INV-0118
PO-0119,SUP-006,Pioneer Logistics,Approved,MRO,2025-01-30,2025-02-12,2025-02-12,200,200,0,90.12,95.43,True,INV-0119
PO-0120,SUP-001,Northstar Components,Strategic,MRO,2025-03-04,2025-03-17,2025-03-15,100,95,0,91.3,98.54,True,INV-0120
PO-0121,SUP-001,Northstar Components,Strategic,Electronics,2025-05-11,2025-05-21,2025-05-21,300,300,0,250.91,273.75,True,INV-0121
PO-0122,SUP-002,Meridian Industrial,Strategic,Packaging,2025-02-14,2025-03-02,2025-02-28,150,150,0,59.96,63.59,True,INV-0122
PO-0123,SUP-005,Cobalt Supply Co.,Approved,MRO,2025-08-25,2025-09-10,2025-09-10,500,400,0,81.87,84.36,True,INV-0123
PO-0124,SUP-003,Atlas Materials,Preferred,Electronics,2025-05-10,2025-05-18,2025-05-19,200,200,0,218.73,239.09,True,INV-0124
PO-0125,SUP-001,Northstar Components,Strategic,MRO,2025-05-29,2025-06-13,2025-06-11,250,238,0,91.95,96.68,True,INV-0125
PO-0126,SUP-005,Cobalt Supply Co.,Approved,Mechanical,2025-04-26,2025-05-04,2025-05-10,100,80,5,151.28,160.87,True,INV-0126
PO-0127,SUP-005,Cobalt Supply Co.,Approved,Mechanical,2025-04-06,2025-04-17,2025-04-17,200,160,0,168.23,182.74,False,INV-0127
PO-0128,SUP-001,Northstar Components,Strategic,MRO,2025-03-06,2025-03-24,2025-03-23,200,200,0,77.89,83.04,True,INV-0128
PO-0129,SUP-006,Pioneer Logistics,Approved,MRO,2025-06-02,2025-06-20,2025-06-25,150,135,0,82.9,90.08,True,INV-0129
PO-0130,SUP-006,Pioneer Logistics,Approved,Electronics,2025-06-21,2025-07-04,2025-07-02,500,500,0,230.83,256.73,True,INV-0130
PO-0131,SUP-002,Meridian Industrial,Strategic,Mechanical,2025-02-09,2025-02-17,2025-02-15,150,135,0,173.94,190.22,False,INV-0131
PO-0132,SUP-003,Atlas Materials,Preferred,Mechanical,2025-04-07,2025-04-16,2025-04-15,300,240,0,162.94,167.13,True,INV-0132
PO-0133,SUP-004,Vertex Packaging,Preferred,Packaging,2025-07-20,2025-08-03,2025-08-02,500,500,0,60.12,65.26,True,INV-0133
PO-0134,SUP-006,Pioneer Logistics,Approved,MRO,2025-07-16,2025-07-27,2025-07-28,250,250,0,90.39,98.36,True,INV-0134
PO-0135,SUP-006,Pioneer Logistics,Approved,MRO,2025-05-22,2025-05-30,2025-05-28,200,200,0,77.93,76.81,True,INV-0135
PO-0136,SUP-004,Vertex Packaging,Preferred,Electronics,2025-07-29,2025-08-12,2025-08-10,150,142,0,218.56,227.37,True,INV-0136
PO-0137,SUP-003,Atlas Materials,Preferred,Mechanical,2025-03-23,2025-03-31,2025-03-31,100,100,0,153.04,153.94,True,INV-0137
PO-0138,SUP-002,Meridian Industrial,Strategic,MRO,2025-06-07,2025-06-14,2025-06-12,250,250,0,80.17,78.88,True,INV-0138
PO-0139,SUP-004,Vertex Packaging,Preferred,Electronics,2025-03-02,2025-03-13,2025-03-12,200,190,0,246.67,261.38,True,INV-0139
PO-0140,SUP-004,Vertex Packaging,Preferred,Electronics,2025-05-12,2025-05-28,2025-05-27,500,500,0,236.6,250.41,True,INV-0140
PO-0141,SUP-006,Pioneer Logistics,Approved,Electronics,2025-04-03,2025-04-11,2025-04-20,300,270,19,253.75,264.21,False,INV-0141
PO-0142,SUP-004,Vertex Packaging,Preferred,Packaging,2025-07-11,2025-07-18,2025-07-16,200,200,0,52.15,55.55,True,INV-0142
PO-0143,SUP-003,Atlas Materials,Preferred,Mechanical,2025-04-01,2025-04-16,2025-04-15,100,80,0,163.83,175.5,True,INV-0143
PO-0144,SUP-001,Northstar Components,Strategic,MRO,2025-03-17,2025-03-27,2025-03-26,100,100,0,81.87,82.66,True,INV-0144
PO-0145,SUP-004,Vertex Packaging,Preferred,Packaging,2025-07-12,2025-07-29,2025-07-29,100,100,0,59.02,59.79,True,INV-0145
PO-0146,SUP-004,Vertex Packaging,Preferred,MRO,2025-03-28,2025-04-06,2025-04-07,250,250,0,92.21,96.18,True,INV-0146
PO-0147,SUP-001,Northstar Components,Strategic,MRO,2025-07-30,2025-08-08,2025-08-08,300,300,0,77.86,82.98,True,INV-0147
PO-0148,SUP-004,Vertex Packaging,Preferred,Mechanical,2025-04-24,2025-05-06,2025-05-06,500,450,0,181.44,182.15,True,INV-0148
PO-0149,SUP-001,Northstar Components,Strategic,MRO,2025-05-12,2025-05-31,2025-05-30,200,200,0,78.93,83.45,False,INV-0149
PO-0150,SUP-001,Northstar Components,Strategic,Mechanical,2025-04-04,2025-04-16,2025-04-14,500,450,0,153.56,158.47,True,INV-0150
PO-0151,SUP-001,Northstar Components,Strategic,Mechanical,2025-04-04,2025-04-17,2025-04-17,300,300,0,180.2,173.74,True,INV-0151
PO-0152,SUP-005,Cobalt Supply Co.,Approved,Electronics,2025-07-18,2025-07-29,2025-07-28,200,180,0,229.71,254.21,False,INV-0152
PO-0153,SUP-001,Northstar Components,Strategic,MRO,2025-08-19,2025-09-06,2025-09-04,150,120,0,92.95,103.9,True,INV-0153
PO-0154,SUP-005,Cobalt Supply Co.,Approved,Packaging,2025-08-06,2025-08-15,2025-08-14,200,200,0,55.1,53.97,True,INV-0154
PO-0155,SUP-004,Vertex Packaging,Preferred,Electronics,2025-05-22,2025-06-07,2025-06-06,200,180,0,258.44,250.82,True,INV-0155
PO-0156,SUP-004,Vertex Packaging,Preferred,MRO,2025-07-30,2025-08-15,2025-08-15,250,200,0,77.76,80.45,True,INV-0156
PO-0157,SUP-005,Cobalt Supply Co.,Approved,Mechanical,2025-04-21,2025-05-06,2025-05-07,150,150,0,165.6,167.03,True,INV-0157
PO-0158,SUP-002,Meridian Industrial,Strategic,Packaging,2025-08-18,2025-08-29,2025-08-29,300,300,0,56.49,59.21,True,INV-0158
PO-0159,SUP-005,Cobalt Supply Co.,Approved,Electronics,2025-06-14,2025-06-23,2025-06-22,300,300,0,247.62,266.27,True,INV-0159
PO-0160,SUP-005,Cobalt Supply Co.,Approved,Electronics,2025-01-21,2025-01-28,2025-02-07,100,100,0,247.25,267.7,True,INV-0160
PO-0161,SUP-004,Vertex Packaging,Preferred,Packaging,2025-03-19,2025-04-02,2025-04-03,500,500,0,54.49,58.31,True,INV-0161
PO-0162,SUP-004,Vertex Packaging,Preferred,Mechanical,2025-06-05,2025-06-14,2025-06-14,200,160,0,181.1,183.86,True,INV-0162
PO-0163,SUP-005,Cobalt Supply Co.,Approved,Electronics,2025-03-03,2025-03-17,2025-03-18,200,200,0,222.76,215.65,True,INV-0163
PO-0164,SUP-004,Vertex Packaging,Preferred,Mechanical,2025-07-28,2025-08-09,2025-08-09,150,150,0,173.68,180.58,True,INV-0164
PO-0165,SUP-003,Atlas Materials,Preferred,MRO,2025-01-24,2025-02-06,2025-02-05,100,100,0,86.42,83.64,True,INV-0165
PO-0166,SUP-006,Pioneer Logistics,Approved,MRO,2025-05-18,2025-05-25,2025-06-01,200,200,0,91.5,98.49,True,INV-0166
PO-0167,SUP-004,Vertex Packaging,Preferred,Electronics,2025-05-24,2025-06-03,2025-06-03,300,300,0,234.54,242.06,True,INV-0167
PO-0168,SUP-005,Cobalt Supply Co.,Approved,Electronics,2025-01-25,2025-02-07,2025-02-07,150,135,0,261.07,282.16,True,INV-0168
PO-0169,SUP-005,Cobalt Supply Co.,Approved,Electronics,2025-01-10,2025-01-19,2025-01-20,100,90,0,237.94,251.5,True,INV-0169
PO-0170,SUP-005,Cobalt Supply Co.,Approved,Packaging,2025-04-11,2025-04-27,2025-04-27,150,135,0,53.2,58.12,True,INV-0170
PO-0171,SUP-003,Atlas Materials,Preferred,MRO,2025-04-05,2025-04-17,2025-04-18,100,90,0,81.73,90.21,True,INV-0171
PO-0172,SUP-005,Cobalt Supply Co.,Approved,MRO,2025-06-17,2025-07-06,2025-07-16,200,180,0,80.37,77.82,True,INV-0172
PO-0173,SUP-006,Pioneer Logistics,Approved,MRO,2025-07-30,2025-08-16,2025-08-14,150,150,0,76.82,77.6,True,INV-0173
PO-0174,SUP-004,Vertex Packaging,Preferred,MRO,2025-07-06,2025-07-13,2025-07-12,500,450,0,82.03,87.44,True,INV-0174
PO-0175,SUP-002,Meridian Industrial,Strategic,MRO,2025-03-29,2025-04-13,2025-04-13,300,270,0,84.73,94.32,True,INV-0175
PO-0176,SUP-003,Atlas Materials,Preferred,Packaging,2025-02-23,2025-03-13,2025-03-13,500,475,0,53.34,59.17,True,INV-0176
PO-0177,SUP-001,Northstar Components,Strategic,MRO,2025-07-29,2025-08-10,2025-08-09,250,250,0,77.22,85.93,True,INV-0177
PO-0178,SUP-006,Pioneer Logistics,Approved,Packaging,2025-05-03,2025-05-13,2025-05-13,500,450,0,57.16,56.13,True,INV-0178
PO-0179,SUP-002,Meridian Industrial,Strategic,Electronics,2025-08-20,2025-09-04,2025-09-03,500,500,0,220.81,223.65,True,INV-0179
PO-0180,SUP-002,Meridian Industrial,Strategic,Electronics,2025-08-26,2025-09-04,2025-09-05,300,285,0,247.23,267.24,True,INV-0180
PO-0181,SUP-001,Northstar Components,Strategic,Electronics,2025-05-27,2025-06-06,2025-06-04,500,500,0,236.06,258.25,False,INV-0181
PO-0182,SUP-004,Vertex Packaging,Preferred,MRO,2025-08-28,2025-09-15,2025-09-20,150,150,0,76.66,80.56,True,INV-0182
PO-0183,SUP-003,Atlas Materials,Preferred,MRO,2025-05-20,2025-06-04,2025-06-03,500,450,0,84.46,83.69,True,INV-0183
PO-0184,SUP-004,Vertex Packaging,Preferred,Packaging,2025-02-17,2025-02-24,2025-02-24,500,450,0,56.92,56.4,True,INV-0184
PO-0185,SUP-004,Vertex Packaging,Preferred,MRO,2025-03-25,2025-04-02,2025-03-31,300,300,0,93.19,96.58,False,INV-0185
PO-0186,SUP-004,Vertex Packaging,Preferred,Mechanical,2025-07-12,2025-07-23,2025-07-28,250,225,0,172.36,165.78,True,INV-0186
PO-0187,SUP-001,Northstar Components,Strategic,Electronics,2025-03-20,2025-03-29,2025-03-29,250,200,0,221.64,245.26,True,INV-0187
PO-0188,SUP-002,Meridian Industrial,Strategic,Mechanical,2025-02-09,2025-02-23,2025-02-23,250,238,0,171.66,189.86,True,INV-0188
PO-0189,SUP-002,Meridian Industrial,Strategic,Mechanical,2025-07-13,2025-07-29,2025-07-27,500,450,0,163.24,175.09,True,INV-0189
PO-0190,SUP-001,Northstar Components,Strategic,Mechanical,2025-05-18,2025-05-27,2025-05-28,300,300,0,170.95,183.72,True,INV-0190
PO-0191,SUP-004,Vertex Packaging,Preferred,Electronics,2025-02-03,2025-02-18,2025-02-16,250,225,0,238.19,259.41,True,INV-0191
PO-0192,SUP-001,Northstar Components,Strategic,Mechanical,2025-01-19,2025-01-26,2025-01-24,300,270,0,181.31,201.17,True,INV-0192
PO-0193,SUP-001,Northstar Components,Strategic,Packaging,2025-02-16,2025-03-07,2025-03-08,250,250,0,60.42,61.7,True,INV-0193
PO-0194,SUP-004,Vertex Packaging,Preferred,Electronics,2025-06-19,2025-07-04,2025-07-04,500,500,0,224.57,234.89,True,INV-0194
PO-0195,SUP-002,Meridian Industrial,Strategic,Electronics,2025-03-18,2025-04-01,2025-04-02,100,90,0,234.21,233.45,True,INV-0195
PO-0196,SUP-002,Meridian Industrial,Strategic,Electronics,2025-07-27,2025-08-13,2025-08-11,100,100,5,225.89,220.5,True,INV-0196
PO-0197,SUP-001,Northstar Components,Strategic,Mechanical,2025-01-12,2025-01-25,2025-01-24,500,500,0,153.12,171.33,True,INV-0197
PO-0198,SUP-005,Cobalt Supply Co.,Approved,Packaging,2025-06-03,2025-06-22,2025-06-22,300,300,0,52.82,51.92,True,INV-0198
PO-0199,SUP-003,Atlas Materials,Preferred,Packaging,2025-05-23,2025-06-08,2025-06-11,100,80,3,56.97,59.76,True,INV-0199
PO-0200,SUP-004,Vertex Packaging,Preferred,Packaging,2025-04-17,2025-04-30,2025-05-01,500,500,0,57.8,59.87,True,INV-0200
PO-0201,SUP-006,Pioneer Logistics,Approved,Mechanical,2025-08-23,2025-08-30,2025-08-31,250,225,0,165.99,169.67,True,INV-0201
PO-0202,SUP-001,Northstar Components,Strategic,MRO,2025-01-24,2025-02-08,2025-02-07,200,200,0,81.06,86.55,True,INV-0202
PO-0203,SUP-002,Meridian Industrial,Strategic,Mechanical,2025-02-23,2025-03-07,2025-03-05,250,250,0,179.43,199.87,True,INV-0203
PO-0204,SUP-004,Vertex Packaging,Preferred,Mechanical,2025-06-04,2025-06-22,2025-06-21,500,450,0,159.11,159.95,True,INV-0204
PO-0205,SUP-003,Atlas Materials,Preferred,Packaging,2025-05-12,2025-05-26,2025-05-27,200,200,0,59.56,60.71,True,INV-0205
PO-0206,SUP-002,Meridian Industrial,Strategic,Mechanical,2025-03-08,2025-03-23,2025-04-02,100,80,0,162.28,159.75,True,INV-0206
PO-0207,SUP-002,Meridian Industrial,Strategic,MRO,2025-06-17,2025-07-04,2025-07-05,300,240,0,87.41,90.77,True,INV-0207
PO-0208,SUP-002,Meridian Industrial,Strategic,Mechanical,2025-05-20,2025-06-03,2025-06-01,500,450,0,149.62,163.9,True,INV-0208
PO-0209,SUP-001,Northstar Components,Strategic,MRO,2025-08-04,2025-08-21,2025-08-20,150,150,0,80.22,82.86,True,INV-0209
PO-0210,SUP-005,Cobalt Supply Co.,Approved,MRO,2025-05-05,2025-05-12,2025-05-13,500,500,0,76.78,82.58,True,INV-0210
PO-0211,SUP-005,Cobalt Supply Co.,Approved,MRO,2025-01-28,2025-02-05,2025-02-04,150,150,0,87.04,87.07,True,INV-0211
PO-0212,SUP-001,Northstar Components,Strategic,Packaging,2025-04-28,2025-05-14,2025-05-13,250,250,0,57.02,62.47,True,INV-0212
PO-0213,SUP-001,Northstar Components,Strategic,Electronics,2025-04-08,2025-04-21,2025-04-19,250,200,0,216.45,213.73,True,INV-0213
PO-0214,SUP-003,Atlas Materials,Preferred,Electronics,2025-08-24,2025-08-31,2025-09-01,300,300,0,218.23,212.1,True,INV-0214
PO-0215,SUP-005,Cobalt Supply Co.,Approved,Electronics,2025-08-26,2025-09-07,2025-09-06,150,135,0,222.92,243.27,True,INV-0215
PO-0216,SUP-003,Atlas Materials,Preferred,Mechanical,2025-03-03,2025-03-19,2025-03-20,300,240,0,178.09,180.42,True,INV-0216
PO-0217,SUP-006,Pioneer Logistics,Approved,Electronics,2025-07-10,2025-07-22,2025-07-23,300,300,0,256.26,259.97,True,INV-0217
PO-0218,SUP-004,Vertex Packaging,Preferred,Packaging,2025-06-12,2025-06-23,2025-06-24,100,95,0,52.01,54.53,True,INV-0218
PO-0219,SUP-005,Cobalt Supply Co.,Approved,MRO,2025-07-17,2025-08-02,2025-08-01,100,80,0,77.75,77.97,True,INV-0219
PO-0220,SUP-002,Meridian Industrial,Strategic,MRO,2025-04-03,2025-04-11,2025-04-11,200,190,0,82.62,82.88,True,INV-0220
PO-0221,SUP-004,Vertex Packaging,Preferred,MRO,2025-01-07,2025-01-15,2025-01-13,100,90,0,86.67,87.7,True,INV-0221
PO-0222,SUP-004,Vertex Packaging,Preferred,Electronics,2025-08-19,2025-09-03,2025-09-02,500,450,0,241.01,257.8,True,INV-0222
PO-0223,SUP-003,Atlas Materials,Preferred,MRO,2025-01-17,2025-01-26,2025-01-27,150,150,0,84.73,82.38,True,INV-0223
PO-0224,SUP-006,Pioneer Logistics,Approved,MRO,2025-06-07,2025-06-17,2025-06-16,300,300,0,76.62,78.41,True,INV-0224
PO-0225,SUP-003,Atlas Materials,Preferred,MRO,2025-04-21,2025-05-08,2025-05-11,200,200,0,81.95,91.09,True,INV-0225
PO-0226,SUP-004,Vertex Packaging,Preferred,Packaging,2025-07-08,2025-07-26,2025-07-25,200,200,0,53.64,58.5,True,INV-0226
PO-0227,SUP-005,Cobalt Supply Co.,Approved,Mechanical,2025-05-20,2025-05-29,2025-05-27,300,240,0,163.73,175.74,True,INV-0227
PO-0228,SUP-006,Pioneer Logistics,Approved,Electronics,2025-06-22,2025-07-06,2025-07-06,250,250,0,228.13,224.63,True,INV-0228
PO-0229,SUP-004,Vertex Packaging,Preferred,MRO,2025-04-13,2025-04-28,2025-04-29,300,270,0,77.13,86.0,True,INV-0229
PO-0230,SUP-005,Cobalt Supply Co.,Approved,Electronics,2025-07-16,2025-07-26,2025-07-26,100,100,0,247.06,238.93,True,INV-0230
PO-0231,SUP-004,Vertex Packaging,Preferred,Packaging,2025-01-28,2025-02-04,2025-02-03,250,225,0,57.72,60.56,True,INV-0231
PO-0232,SUP-003,Atlas Materials,Preferred,MRO,2025-07-17,2025-08-03,2025-08-02,250,250,0,93.46,96.94,True,INV-0232
PO-0233,SUP-001,Northstar Components,Strategic,Electronics,2025-02-06,2025-02-18,2025-02-19,500,500,0,241.01,244.8,True,INV-0233
PO-0234,SUP-004,Vertex Packaging,Preferred,Packaging,2025-03-18,2025-03-25,2025-03-23,100,100,0,58.84,62.59,True,INV-0234
PO-0235,SUP-006,Pioneer Logistics,Approved,Mechanical,2025-02-14,2025-03-01,2025-03-02,300,285,0,156.15,160.02,True,INV-0235
PO-0236,SUP-004,Vertex Packaging,Preferred,MRO,2025-07-08,2025-07-24,2025-07-25,100,90,0,83.8,80.51,True,INV-0236
PO-0237,SUP-006,Pioneer Logistics,Approved,Electronics,2025-01-27,2025-02-15,2025-02-18,300,300,0,231.65,239.34,True,INV-0237
PO-0238,SUP-005,Cobalt Supply Co.,Approved,Packaging,2025-04-10,2025-04-26,2025-04-24,300,300,0,53.37,55.14,True,INV-0238
PO-0239,SUP-003,Atlas Materials,Preferred,Electronics,2025-02-04,2025-02-16,2025-02-16,500,500,0,224.79,240.74,True,INV-0239
PO-0240,SUP-002,Meridian Industrial,Strategic,MRO,2025-02-17,2025-03-03,2025-03-02,250,225,0,79.34,79.83,True,INV-0240
